{
  "auc_pr": {
    "train": 0.05801328745466474,
    "val": 0.13629347967284297,
    "test": 0.13599782890230216
  },
  "logloss": {
    "train": 0.6574286979771607,
    "val": 0.6721771582186635,
    "test": 0.6727395622781389
  },
  "precision_at_k": {
    "1%": 0.30434782608695654,
    "5%": 0.1565217391304348
  },
  "best_params": {
    "subsample": 0.7,
    "reg_lambda": 1,
    "min_child_weight": 4,
    "max_depth": 3,
    "learning_rate": 0.05,
    "gamma": 0.1,
    "colsample_bytree": 0.6
  },
  "best_iteration": null,
  "split_stats": {
    "train": {
      "n": 16000,
      "positives": 472,
      "prevalence": 0.0295
    },
    "val": {
      "n": 4600,
      "positives": 600,
      "prevalence": 0.13043478260869565
    },
    "test": {
      "n": 4600,
      "positives": 600,
      "prevalence": 0.13043478260869565
    }
  },
  "baselines": {
    "auprc_baseline": 0.13043478260869565,
    "precision_at_k_random": {
      "1%": 0.13315217391304338,
      "5%": 0.1289130434782609
    }
  }
}